Player_Name,Profile_link
Aaron Johnson,https://espncricinfo.com/cricketers/aaron-johnson-1323683
Navneet Dhaliwal,https://espncricinfo.com/cricketers/navneet-dhaliwal-817069
Pargat Singh,https://espncricinfo.com/cricketers/pargat-singh-446690
Nicholas Kirton,https://espncricinfo.com/cricketers/nicholas-kirton-820685
Shreyas Movvaʠ,https://espncricinfo.com/cricketers/shreyas-movva-1206190
Dilpreet Bajwa,https://espncricinfo.com/cricketers/dilpreet-bajwa-1229251
Dilon Heyliger,https://espncricinfo.com/cricketers/dilon-heyliger-1061467
Saad Bin Zafar (c),https://espncricinfo.com/cricketers/saad-bin-zafar-359746
Ali Khan,https://espncricinfo.com/cricketers/ali-khan-927119
Saurabh Netravalkar,https://espncricinfo.com/cricketers/saurabh-netravalkar-398513
Harmeet Singh,https://espncricinfo.com/cricketers/harmeet-singh-422847
Jasdeep Singh,https://espncricinfo.com/cricketers/jasdeep-singh-772471
Shadley van Schalkwyk,https://espncricinfo.com/cricketers/shadley-van-schalkwyk-334621
Steven Taylor,https://espncricinfo.com/cricketers/steven-taylor-348133
Corey Anderson,https://espncricinfo.com/cricketers/corey-anderson-277662
Monank Patel (c)†,https://espncricinfo.com/cricketers/monank-patel-1159641
Andries Gous,https://espncricinfo.com/cricketers/andries-gous-485379
Aaron Jones,https://espncricinfo.com/cricketers/aaron-jones-957645
Nitish Kumar,https://espncricinfo.com/cricketers/nitish-kumar-348129
Kaleem Sana,https://espncricinfo.com/cricketers/kaleem-sana-385938
Jeremy Gordon,https://espncricinfo.com/cricketers/jeremy-gordon-276370
Saad Bin Zafar,https://espncricinfo.com/cricketers/saad-bin-zafar-359746
Nikhil Dutta,https://espncricinfo.com/cricketers/nikhil-dutta-348135
Tony Ura,https://espncricinfo.com/cricketers/tony-ura-302845
Assad Vala (c),https://espncricinfo.com/cricketers/assad-vala-25056
Lega Siaka,https://espncricinfo.com/cricketers/lega-siaka-440990
Sese Bau,https://espncricinfo.com/cricketers/sese-bau-420427
Hiri Hiri,https://espncricinfo.com/cricketers/hiri-hiri-646175
Charles Amini,https://espncricinfo.com/cricketers/charles-amini-332980
Kiplin Dorigaʠ,https://espncricinfo.com/cricketers/kiplin-doriga-646173
Chad Soper,https://espncricinfo.com/cricketers/chad-soper-574287
Alei Nao,https://espncricinfo.com/cricketers/alei-nao-524247
Kabua Morea,https://espncricinfo.com/cricketers/kabua-morea-524255
John Kariko,https://espncricinfo.com/cricketers/john-kariko-1295879
Akeal Hosein,https://espncricinfo.com/cricketers/akeal-hosein-530812
Romario Shepherd,https://espncricinfo.com/cricketers/romario-shepherd-677077
Andre Russell,https://espncricinfo.com/cricketers/andre-russell-276298
Roston Chase,https://espncricinfo.com/cricketers/roston-chase-391832
Alzarri Joseph,https://espncricinfo.com/cricketers/alzarri-joseph-670031
Gudakesh Motie,https://espncricinfo.com/cricketers/gudakesh-motie-670045
Brandon King,https://espncricinfo.com/cricketers/brandon-king-670035
Johnson Charles,https://espncricinfo.com/cricketers/johnson-charles-333066
Nicholas Pooranʠ,https://espncricinfo.com/cricketers/nicholas-pooran-604302
Rovman Powell (c),https://espncricinfo.com/cricketers/rovman-powell-820351
Sherfane Rutherford,https://espncricinfo.com/cricketers/sherfane-rutherford-914541
Assad Vala,https://espncricinfo.com/cricketers/assad-vala-25056
Kashyap Prajapati,https://espncricinfo.com/cricketers/kashyap-prajapati-1276719
Naseem Khushiʠ,https://espncricinfo.com/cricketers/naseem-khushi-1077310
Aqib Ilyas (c),https://espncricinfo.com/cricketers/aqib-ilyas-940593
Zeeshan Maqsood,https://espncricinfo.com/cricketers/zeeshan-maqsood-585083
Khalid Kail,https://espncricinfo.com/cricketers/khalid-kail-624813
Ayaan Khan,https://espncricinfo.com/cricketers/ayaan-khan-956319
Mohammad Nadeem,https://espncricinfo.com/cricketers/mohammad-nadeem-41984
Mehran Khan,https://espncricinfo.com/cricketers/mehran-khan-888565
Shakeel Ahmed,https://espncricinfo.com/cricketers/shakeel-ahmed-681801
Kaleemullah,https://espncricinfo.com/cricketers/kaleemullah-1077307
Bilal Khan,https://espncricinfo.com/cricketers/bilal-khan-937953
Ruben Trumpelmann,https://espncricinfo.com/cricketers/ruben-trumpelmann-698317
David Wiese,https://espncricinfo.com/cricketers/david-wiese-221140
Tangeni Lungameni,https://espncricinfo.com/cricketers/tangeni-lungameni-524075
Bernard Scholtz,https://espncricinfo.com/cricketers/bernard-scholtz-330223
Gerhard Erasmus,https://espncricinfo.com/cricketers/gerhard-erasmus-519070
Michael van Lingen,https://espncricinfo.com/cricketers/michael-van-lingen-833777
Nikolaas Davin,https://espncricinfo.com/cricketers/nikolaas-davin-595790
Jan Frylinck,https://espncricinfo.com/cricketers/jan-frylinck-482478
Gerhard Erasmus (c),https://espncricinfo.com/cricketers/gerhard-erasmus-519070
JJ Smit,https://espncricinfo.com/cricketers/jj-smit-553821
Zane Greenʠ,https://espncricinfo.com/cricketers/zane-green-596664
Malan Kruger,https://espncricinfo.com/cricketers/malan-kruger-574638
Aqib Ilyas,https://espncricinfo.com/cricketers/aqib-ilyas-940593
Pathum Nissanka,https://espncricinfo.com/cricketers/pathum-nissanka-1028655
Kusal Mendisʠ,https://espncricinfo.com/cricketers/kusal-mendis-629074
Kamindu Mendis,https://espncricinfo.com/cricketers/kamindu-mendis-784373
Wanindu Hasaranga (c),https://espncricinfo.com/cricketers/wanindu-hasaranga-784379
Sadeera Samarawickrama,https://espncricinfo.com/cricketers/sadeera-samarawickrama-629076
Charith Asalanka,https://espncricinfo.com/cricketers/charith-asalanka-784367
Angelo Mathews,https://espncricinfo.com/cricketers/angelo-mathews-49764
Dasun Shanaka,https://espncricinfo.com/cricketers/dasun-shanaka-437316
Maheesh Theekshana,https://espncricinfo.com/cricketers/maheesh-theekshana-1138316
Matheesha Pathirana,https://espncricinfo.com/cricketers/matheesha-pathirana-1194795
Nuwan Thushara,https://espncricinfo.com/cricketers/nuwan-thushara-955235
Marco Jansen,https://espncricinfo.com/cricketers/marco-jansen-696401
Kagiso Rabada,https://espncricinfo.com/cricketers/kagiso-rabada-550215
Ottneil Baartman,https://espncricinfo.com/cricketers/ottneil-baartman-535353
Keshav Maharaj,https://espncricinfo.com/cricketers/keshav-maharaj-267724
Anrich Nortje,https://espncricinfo.com/cricketers/anrich-nortje-481979
Quinton de Kockʠ,https://espncricinfo.com/cricketers/quinton-de-kock-379143
Reeza Hendricks,https://espncricinfo.com/cricketers/reeza-hendricks-269280
Aiden Markram (c),https://espncricinfo.com/cricketers/aiden-markram-600498
Tristan Stubbs,https://espncricinfo.com/cricketers/tristan-stubbs-595978
Heinrich Klaasen,https://espncricinfo.com/cricketers/heinrich-klaasen-436757
David Miller,https://espncricinfo.com/cricketers/david-miller-321777
Wanindu Hasaranga,https://espncricinfo.com/cricketers/wanindu-hasaranga-784379
Rahmanullah Gurbazʠ,https://espncricinfo.com/cricketers/rahmanullah-gurbaz-974087
Ibrahim Zadran,https://espncricinfo.com/cricketers/ibrahim-zadran-921509
Najibullah Zadran,https://espncricinfo.com/cricketers/najibullah-zadran-524049
Mohammad Nabi,https://espncricinfo.com/cricketers/mohammad-nabi-25913
Gulbadin Naib,https://espncricinfo.com/cricketers/gulbadin-naib-352048
Azmatullah Omarzai,https://espncricinfo.com/cricketers/azmatullah-omarzai-819429
Rashid Khan (c),https://espncricinfo.com/cricketers/rashid-khan-793463
Karim Janat,https://espncricinfo.com/cricketers/karim-janat-793467
Alpesh Ramjani,https://espncricinfo.com/cricketers/alpesh-ramjani-1178061
Cosmas Kyewuta,https://espncricinfo.com/cricketers/cosmas-kyewuta-1107651
Dinesh Nakrani,https://espncricinfo.com/cricketers/dinesh-nakrani-731523
Bilal Hassan,https://espncricinfo.com/cricketers/bilal-hassan-1151338
Henry Ssenyondo,https://espncricinfo.com/cricketers/henry-ssenyondo-420490
Riazat Ali Shah,https://espncricinfo.com/cricketers/riazat-ali-shah-1129565
Brian Masaba,https://espncricinfo.com/cricketers/brian-masaba-420492
Ronak Patel,https://espncricinfo.com/cricketers/ronak-patel-1151337
Simon Ssesaziʠ,https://espncricinfo.com/cricketers/simon-ssesazi-531312
Roger Mukasa,https://espncricinfo.com/cricketers/roger-mukasa-233528
Robinson Obuya,https://espncricinfo.com/cricketers/robinson-obuya-1380565
Brian Masaba (c),https://espncricinfo.com/cricketers/brian-masaba-420492
Fazalhaq Farooqi,https://espncricinfo.com/cricketers/fazalhaq-farooqi-974175
Mujeeb Ur Rahman,https://espncricinfo.com/cricketers/mujeeb-ur-rahman-974109
Naveen-ul-Haq,https://espncricinfo.com/cricketers/naveen-ul-haq-793447
Rashid Khan,https://espncricinfo.com/cricketers/rashid-khan-793463
Kushal Bhurtel,https://espncricinfo.com/cricketers/kushal-bhurtel-794713
Aasif Sheikhʠ,https://espncricinfo.com/cricketers/aasif-sheikh-1058514
Anil Sah,https://espncricinfo.com/cricketers/anil-sah-1058510
Rohit Paudel (c),https://espncricinfo.com/cricketers/rohit-paudel-1072488
Kushal Malla,https://espncricinfo.com/cricketers/kushal-malla-1141934
Dipendra Singh Airee,https://espncricinfo.com/cricketers/dipendra-singh-airee-794707
Sompal Kami,https://espncricinfo.com/cricketers/sompal-kami-701215
Gulsan Jha,https://espncricinfo.com/cricketers/gulsan-jha-1253822
Karan KC,https://espncricinfo.com/cricketers/karan-kc-800675
Sagar Dhakal,https://espncricinfo.com/cricketers/sagar-dhakal-1147980
Abinash Bohara,https://espncricinfo.com/cricketers/abinash-bohara-1058508
Vivian Kingma,https://espncricinfo.com/cricketers/vivian-kingma-416103
Tim Pringle,https://espncricinfo.com/cricketers/tim-pringle-1193548
Logan van Beek,https://espncricinfo.com/cricketers/logan-van-beek-440522
Paul van Meekeren,https://espncricinfo.com/cricketers/paul-van-meekeren-348109
Bas de Leede,https://espncricinfo.com/cricketers/bas-de-leede-1036191
Michael Levitt,https://espncricinfo.com/cricketers/michael-levitt-1071504
Max O'Dowd,https://espncricinfo.com/cricketers/max-o-dowd-643197
Vikramjit Singh,https://espncricinfo.com/cricketers/vikramjit-singh-1153767
Sybrand Engelbrecht,https://espncricinfo.com/cricketers/sybrand-engelbrecht-315035
Scott Edwards (c)†,https://espncricinfo.com/cricketers/scott-edwards-1127317
Teja Nidamanuru,https://espncricinfo.com/cricketers/teja-nidamanuru-1129328
Andy Balbirnie,https://espncricinfo.com/cricketers/andy-balbirnie-303423
Paul Stirling (c),https://espncricinfo.com/cricketers/paul-stirling-303427
Lorcan Tuckerʠ,https://espncricinfo.com/cricketers/lorcan-tucker-928057
Harry Tector,https://espncricinfo.com/cricketers/harry-tector-961407
Curtis Campher,https://espncricinfo.com/cricketers/curtis-campher-595921
George Dockrell,https://espncricinfo.com/cricketers/george-dockrell-348034
Gareth Delany,https://espncricinfo.com/cricketers/gareth-delany-1099379
Mark Adair,https://espncricinfo.com/cricketers/mark-adair-526441
Barry McCarthy,https://espncricinfo.com/cricketers/barry-mccarthy-348059
Josh Little,https://espncricinfo.com/cricketers/josh-little-928067
Ben White,https://espncricinfo.com/cricketers/ben-white-928059
Arshdeep Singh,https://espncricinfo.com/cricketers/arshdeep-singh-1125976
Mohammed Siraj,https://espncricinfo.com/cricketers/mohammed-siraj-940973
Jasprit Bumrah,https://espncricinfo.com/cricketers/jasprit-bumrah-625383
Hardik Pandya,https://espncricinfo.com/cricketers/hardik-pandya-625371
Axar Patel,https://espncricinfo.com/cricketers/axar-patel-554691
Ravindra Jadeja,https://espncricinfo.com/cricketers/ravindra-jadeja-234675
Rohit Sharma (c),https://espncricinfo.com/cricketers/rohit-sharma-34102
Virat Kohli,https://espncricinfo.com/cricketers/virat-kohli-253802
Rishabh Pantʠ,https://espncricinfo.com/cricketers/rishabh-pant-931581
Suryakumar Yadav,https://espncricinfo.com/cricketers/suryakumar-yadav-446507
Shivam Dube,https://espncricinfo.com/cricketers/shivam-dube-714451
Norman Vanua,https://espncricinfo.com/cricketers/norman-vanua-524253
Juma Miyagi,https://espncricinfo.com/cricketers/juma-miyagi-1178060
Frank Nsubuga,https://espncricinfo.com/cricketers/frank-nsubuga-26139
Kenneth Waiswa,https://espncricinfo.com/cricketers/kenneth-waiswa-928109
David Warner,https://espncricinfo.com/cricketers/david-warner-219889
Travis Head,https://espncricinfo.com/cricketers/travis-head-530011
Mitchell Marsh (c),https://espncricinfo.com/cricketers/mitchell-marsh-272450
Glenn Maxwell,https://espncricinfo.com/cricketers/glenn-maxwell-325026
Marcus Stoinis,https://espncricinfo.com/cricketers/marcus-stoinis-325012
Tim David,https://espncricinfo.com/cricketers/tim-david-892749
Matthew Wadeʠ,https://espncricinfo.com/cricketers/matthew-wade-230193
Pratik Athavaleʠ,https://espncricinfo.com/cricketers/pratik-athavale-1402600
Shoaib Khan,https://espncricinfo.com/cricketers/shoaib-khan-1276700
Mitchell Starc,https://espncricinfo.com/cricketers/mitchell-starc-311592
Josh Hazlewood,https://espncricinfo.com/cricketers/josh-hazlewood-288284
Nathan Ellis,https://espncricinfo.com/cricketers/nathan-ellis-826915
Adam Zampa,https://espncricinfo.com/cricketers/adam-zampa-379504
Mohammad Rizwan,https://espncricinfo.com/cricketers/mohammad-rizwan-323389
Babar Azam (c),https://espncricinfo.com/cricketers/babar-azam-348144
Usman Khan,https://espncricinfo.com/cricketers/usman-khan-1123428
Fakhar Zaman,https://espncricinfo.com/cricketers/fakhar-zaman-512191
Shadab Khan,https://espncricinfo.com/cricketers/shadab-khan-922943
Azam Khanʠ,https://espncricinfo.com/cricketers/azam-khan-1137262
Iftikhar Ahmed,https://espncricinfo.com/cricketers/iftikhar-ahmed-480603
Shaheen Shah Afridi,https://espncricinfo.com/cricketers/shaheen-shah-afridi-1072470
Haris Rauf,https://espncricinfo.com/cricketers/haris-rauf-1161606
Naseem Shah,https://espncricinfo.com/cricketers/naseem-shah-1158088
Nosthush Kenjige,https://espncricinfo.com/cricketers/nosthush-kenjige-1041679
Mohammad Amir,https://espncricinfo.com/cricketers/mohammad-amir-290948
JP Kotze,https://espncricinfo.com/cricketers/jp-kotze-541991
Brad Wheal,https://espncricinfo.com/cricketers/brad-wheal-807535
Brad Currie,https://espncricinfo.com/cricketers/brad-currie-1000791
Chris Sole,https://espncricinfo.com/cricketers/chris-sole-671823
Mark Watt,https://espncricinfo.com/cricketers/mark-watt-659081
Chris Greaves,https://espncricinfo.com/cricketers/chris-greaves-873199
Michael Leask,https://espncricinfo.com/cricketers/michael-leask-414966
George Munsey,https://espncricinfo.com/cricketers/george-munsey-671805
Michael Jones,https://espncricinfo.com/cricketers/michael-jones-1093091
Brandon McMullen,https://espncricinfo.com/cricketers/brandon-mcmullen-949473
Richie Berrington (c),https://espncricinfo.com/cricketers/richie-berrington-25490
Matthew Crossʠ,https://espncricinfo.com/cricketers/matthew-cross-417268
Craig Young,https://espncricinfo.com/cricketers/craig-young-364343
Junaid Siddiqui,https://espncricinfo.com/cricketers/junaid-siddiqui-494847
Noor Ahmad,https://espncricinfo.com/cricketers/noor-ahmad-1182529
Trent Boult,https://espncricinfo.com/cricketers/trent-boult-277912
Matt Henry,https://espncricinfo.com/cricketers/matt-henry-506612
Mitchell Santner,https://espncricinfo.com/cricketers/mitchell-santner-502714
Michael Bracewell,https://espncricinfo.com/cricketers/michael-bracewell-326968
Lockie Ferguson,https://espncricinfo.com/cricketers/lockie-ferguson-493773
Daryl Mitchell,https://espncricinfo.com/cricketers/daryl-mitchell-381743
Finn Allen,https://espncricinfo.com/cricketers/finn-allen-959759
Devon Conwayʠ,https://espncricinfo.com/cricketers/devon-conway-379140
Kane Williamson (c),https://espncricinfo.com/cricketers/kane-williamson-277906
Glenn Phillips,https://espncricinfo.com/cricketers/glenn-phillips-823509
Mark Chapman,https://espncricinfo.com/cricketers/mark-chapman-438563
Dhananjaya de Silva,https://espncricinfo.com/cricketers/dhananjaya-de-silva-465793
Tanzim Hasan Sakib,https://espncricinfo.com/cricketers/tanzim-hasan-sakib-1139520
Shakib Al Hasan,https://espncricinfo.com/cricketers/shakib-al-hasan-56143
Taskin Ahmed,https://espncricinfo.com/cricketers/taskin-ahmed-538506
Mustafizur Rahman,https://espncricinfo.com/cricketers/mustafizur-rahman-330902
Rishad Hossain,https://espncricinfo.com/cricketers/rishad-hossain-1139523
Mahmudullah,https://espncricinfo.com/cricketers/mahmudullah-56025
Tanzid Hasan,https://espncricinfo.com/cricketers/tanzid-hasan-990023
Soumya Sarkar,https://espncricinfo.com/cricketers/soumya-sarkar-436677
Litton Dasʠ,https://espncricinfo.com/cricketers/litton-das-536936
Najmul Hossain Shanto (c),https://espncricinfo.com/cricketers/najmul-hossain-shanto-629058
Towhid Hridoy,https://espncricinfo.com/cricketers/towhid-hridoy-990031
Pat Cummins,https://espncricinfo.com/cricketers/pat-cummins-489889
Moeen Ali,https://espncricinfo.com/cricketers/moeen-ali-8917
Will Jacks,https://espncricinfo.com/cricketers/will-jacks-897549
Jofra Archer,https://espncricinfo.com/cricketers/jofra-archer-669855
Mark Wood,https://espncricinfo.com/cricketers/mark-wood-351588
Adil Rashid,https://espncricinfo.com/cricketers/adil-rashid-244497
Chris Jordan,https://espncricinfo.com/cricketers/chris-jordan-288992
Liam Livingstone,https://espncricinfo.com/cricketers/liam-livingstone-403902
Phil Salt,https://espncricinfo.com/cricketers/phil-salt-669365
Jos Buttler (c)†,https://espncricinfo.com/cricketers/jos-buttler-308967
Jonny Bairstow,https://espncricinfo.com/cricketers/jonny-bairstow-297433
Harry Brook,https://espncricinfo.com/cricketers/harry-brook-911707
Imad Wasim,https://espncricinfo.com/cricketers/imad-wasim-227758
Mohammad Rizwanʠ,https://espncricinfo.com/cricketers/mohammad-rizwan-323389
Naseem Khushi,https://espncricinfo.com/cricketers/naseem-khushi-1077310
Rafiullah,https://espncricinfo.com/cricketers/rafiullah-1174143
Safyaan Sharif,https://espncricinfo.com/cricketers/safyaan-sharif-414970
Jaker Ali,https://espncricinfo.com/cricketers/jaker-ali-824541
Ravinderpal Singh,https://espncricinfo.com/cricketers/ravinderpal-singh-1159653
Saim Ayub,https://espncricinfo.com/cricketers/saim-ayub-1161031
Jack Brassell,https://espncricinfo.com/cricketers/jack-brassell-1310415
Ben Shikongo,https://espncricinfo.com/cricketers/ben-shikongo-1069820
Shayan Jahangir,https://espncricinfo.com/cricketers/shayan-jahangir-647771
Andries Gousʠ,https://espncricinfo.com/cricketers/andries-gous-485379
Aaron Jones (c),https://espncricinfo.com/cricketers/aaron-jones-957645
Tim Southee,https://espncricinfo.com/cricketers/tim-southee-232364
James Neesham,https://espncricinfo.com/cricketers/james-neesham-355269
Rachin Ravindra,https://espncricinfo.com/cricketers/rachin-ravindra-959767
Aryan Dutt,https://espncricinfo.com/cricketers/aryan-dutt-1195672
Fayyaz Butt,https://espncricinfo.com/cricketers/fayyaz-butt-436749
Reece Topley,https://espncricinfo.com/cricketers/reece-topley-461632
Semo Kamea,https://espncricinfo.com/cricketers/semo-kamea-1115025
Sandeep Lamichhane,https://espncricinfo.com/cricketers/sandeep-lamichhane-960361
Tabraiz Shamsi,https://espncricinfo.com/cricketers/tabraiz-shamsi-379145
Aiden Markram,https://espncricinfo.com/cricketers/aiden-markram-600498
Fred Achelam,https://espncricinfo.com/cricketers/fred-achelam-1107652
Sam Curran,https://espncricinfo.com/cricketers/sam-curran-662973
Ashton Agar,https://espncricinfo.com/cricketers/ashton-agar-505120
Abbas Afridi,https://espncricinfo.com/cricketers/abbas-afridi-1158538
Rohit Paudel,https://espncricinfo.com/cricketers/rohit-paudel-1072488
Sundeep Jora,https://espncricinfo.com/cricketers/sundeep-jora-1161022
Ish Sodhi,https://espncricinfo.com/cricketers/ish-sodhi-559066
Shai Hope,https://espncricinfo.com/cricketers/shai-hope-581379
Obed McCoy,https://espncricinfo.com/cricketers/obed-mccoy-906783
Kuldeep Yadav,https://espncricinfo.com/cricketers/kuldeep-yadav-559235
Hazratullah Zazai,https://espncricinfo.com/cricketers/hazratullah-zazai-793457
Mahedi Hasan,https://espncricinfo.com/cricketers/mahedi-hasan-833087
Milind Kumar,https://espncricinfo.com/cricketers/milind-kumar-451947
Nangeyalia Kharote,https://espncricinfo.com/cricketers/nangeyalia-kharote-1199434
Kyle Mayers,https://espncricinfo.com/cricketers/kyle-mayers-348056
Divan la Cock,https://espncricinfo.com/cricketers/divan-la-cock-1178065
Jan Nicol Loftie-Eaton,https://espncricinfo.com/cricketers/jan-nicol-loftie-eaton-1071473
Stephan Baard,https://espncricinfo.com/cricketers/stephan-baard-437927
Dushmantha Chameera,https://espncricinfo.com/cricketers/dushmantha-chameera-552152
Pramod Madushan,https://espncricinfo.com/cricketers/pramod-madushan-826689
Chamika Karunaratne,https://espncricinfo.com/cricketers/chamika-karunaratne-623695
Danushka Gunathilaka,https://espncricinfo.com/cricketers/danushka-gunathilaka-345821
Bhanuka Rajapaksa,https://espncricinfo.com/cricketers/bhanuka-rajapaksa-342619
Dasun Shanaka (c),https://espncricinfo.com/cricketers/dasun-shanaka-437316
Chirag Suri,https://espncricinfo.com/cricketers/chirag-suri-534734
Muhammad Waseem,https://espncricinfo.com/cricketers/muhammad-waseem-1241277
Kashif Daud,https://espncricinfo.com/cricketers/kashif-daud-229225
Vriitya Aravindʠ,https://espncricinfo.com/cricketers/vriitya-aravind-1178586
Zawar Farid,https://espncricinfo.com/cricketers/zawar-farid-1196500
Basil Hameed,https://espncricinfo.com/cricketers/basil-hameed-1209110
CP Rizwan (c),https://espncricinfo.com/cricketers/cp-rizwan-474760
Aayan Afzal Khan,https://espncricinfo.com/cricketers/aayan-afzal-khan-1241265
Karthik Meiyappan,https://espncricinfo.com/cricketers/karthik-meiyappan-1058987
Junaid Siddique,https://espncricinfo.com/cricketers/junaid-siddique-1203754
Zahoor Khan,https://espncricinfo.com/cricketers/zahoor-khan-384525
Fred Klaassen,https://espncricinfo.com/cricketers/fred-klaassen-1104703
Roelof van der Merwe,https://espncricinfo.com/cricketers/roelof-van-der-merwe-47850
Colin Ackermann,https://espncricinfo.com/cricketers/colin-ackermann-379774
Tom Cooper,https://espncricinfo.com/cricketers/tom-cooper-219885
Calum MacLeod,https://espncricinfo.com/cricketers/calum-macleod-232435
Jason Holder,https://espncricinfo.com/cricketers/jason-holder-391485
Odean Smith,https://espncricinfo.com/cricketers/odean-smith-820691
Evin Lewis,https://espncricinfo.com/cricketers/evin-lewis-431901
Nicholas Pooran (c)†,https://espncricinfo.com/cricketers/nicholas-pooran-604302
Shamarh Brooks,https://espncricinfo.com/cricketers/shamarh-brooks-230555
Rovman Powell,https://espncricinfo.com/cricketers/rovman-powell-820351
Josh Davey,https://espncricinfo.com/cricketers/josh-davey-407265
Regis Chakabvaʠ,https://espncricinfo.com/cricketers/regis-chakabva-293831
Craig Ervine (c),https://espncricinfo.com/cricketers/craig-ervine-55412
Wessly Madhevere,https://espncricinfo.com/cricketers/wessly-madhevere-938959
Sean Williams,https://espncricinfo.com/cricketers/sean-williams-55870
Sikandar Raza,https://espncricinfo.com/cricketers/sikandar-raza-299572
Milton Shumba,https://espncricinfo.com/cricketers/milton-shumba-951781
Ryan Burl,https://espncricinfo.com/cricketers/ryan-burl-495964
Luke Jongwe,https://espncricinfo.com/cricketers/luke-jongwe-541224
Tendai Chatara,https://espncricinfo.com/cricketers/tendai-chatara-425639
Simi Singh,https://espncricinfo.com/cricketers/simi-singh-1005257
Paul Stirling,https://espncricinfo.com/cricketers/paul-stirling-303427
Andy Balbirnie (c),https://espncricinfo.com/cricketers/andy-balbirnie-303423
Richard Ngarava,https://espncricinfo.com/cricketers/richard-ngarava-806241
Blessing Muzarabani,https://espncricinfo.com/cricketers/blessing-muzarabani-827051
Timm van der Gugten,https://espncricinfo.com/cricketers/timm-van-der-gugten-333782
Aryan Lakra,https://espncricinfo.com/cricketers/aryan-lakra-1058989
Regis Chakabva (c)†,https://espncricinfo.com/cricketers/regis-chakabva-293831
Tony Munyonga,https://espncricinfo.com/cricketers/tony-munyonga-1122853
Lahiru Kumara,https://espncricinfo.com/cricketers/lahiru-kumara-784375
Binura Fernando,https://espncricinfo.com/cricketers/binura-fernando-629080
Alishan Sharafu,https://espncricinfo.com/cricketers/alishan-sharafu-1161038
Ahmed Raza,https://espncricinfo.com/cricketers/ahmed-raza-245490
Aaron Finch (c),https://espncricinfo.com/cricketers/aaron-finch-5334
Mitchell Marsh,https://espncricinfo.com/cricketers/mitchell-marsh-272450
Usman Ghani,https://espncricinfo.com/cricketers/usman-ghani-711559
Mohammad Nabi (c),https://espncricinfo.com/cricketers/mohammad-nabi-25913
Fareed Ahmad,https://espncricinfo.com/cricketers/fareed-ahmad-568136
Ben Stokes,https://espncricinfo.com/cricketers/ben-stokes-311158
Chris Woakes,https://espncricinfo.com/cricketers/chris-woakes-247235
Alex Hales,https://espncricinfo.com/cricketers/alex-hales-249866
Dawid Malan,https://espncricinfo.com/cricketers/dawid-malan-236489
Ashen Bandara,https://espncricinfo.com/cricketers/ashen-bandara-958691
Shan Masood,https://espncricinfo.com/cricketers/shan-masood-233901
Haider Ali,https://espncricinfo.com/cricketers/haider-ali-1168651
Mohammad Nawaz,https://espncricinfo.com/cricketers/mohammad-nawaz-348148
Asif Ali,https://espncricinfo.com/cricketers/asif-ali-494230
Bhuvneshwar Kumar,https://espncricinfo.com/cricketers/bhuvneshwar-kumar-326016
Mohammed Shami,https://espncricinfo.com/cricketers/mohammed-shami-481896
Ravichandran Ashwin,https://espncricinfo.com/cricketers/ravichandran-ashwin-26421
KL Rahul,https://espncricinfo.com/cricketers/kl-rahul-422108
Dinesh Karthikʠ,https://espncricinfo.com/cricketers/dinesh-karthik-30045
Najmul Hossain Shanto,https://espncricinfo.com/cricketers/najmul-hossain-shanto-629058
Litton Das,https://espncricinfo.com/cricketers/litton-das-536936
Shakib Al Hasan (c),https://espncricinfo.com/cricketers/shakib-al-hasan-56143
Afif Hossain,https://espncricinfo.com/cricketers/afif-hossain-935995
Yasir Ali,https://espncricinfo.com/cricketers/yasir-ali-629059
Nurul Hasanʠ,https://espncricinfo.com/cricketers/nurul-hasan-410765
Mosaddek Hossain,https://espncricinfo.com/cricketers/mosaddek-hossain-550133
Hasan Mahmud,https://espncricinfo.com/cricketers/hasan-mahmud-926629
Shariz Ahmad,https://espncricinfo.com/cricketers/shariz-ahmad-1278252
Wayne Parnell,https://espncricinfo.com/cricketers/wayne-parnell-265564
Lungi Ngidi,https://espncricinfo.com/cricketers/lungi-ngidi-542023
Temba Bavuma (c),https://espncricinfo.com/cricketers/temba-bavuma-372116
Rilee Rossouw,https://espncricinfo.com/cricketers/rilee-rossouw-318845
Fionn Hand,https://espncricinfo.com/cricketers/fionn-hand-1099225
Mehidy Hasan Miraz,https://espncricinfo.com/cricketers/mehidy-hasan-miraz-629063
Brad Evans,https://espncricinfo.com/cricketers/brad-evans-696127
Mohammad Wasim,https://espncricinfo.com/cricketers/mohammad-wasim-1185538
Kasun Rajitha,https://espncricinfo.com/cricketers/kasun-rajitha-499594
Stephan Myburgh,https://espncricinfo.com/cricketers/stephan-myburgh-233712
Brandon Glover,https://espncricinfo.com/cricketers/brandon-glover-595419
Deepak Hooda,https://espncricinfo.com/cricketers/deepak-hooda-497121
Shoriful Islam,https://espncricinfo.com/cricketers/shoriful-islam-990039
Mohammad Haris,https://espncricinfo.com/cricketers/mohammad-haris-1205559
Cameron Green,https://espncricinfo.com/cricketers/cameron-green-1076713
Steven Smith,https://espncricinfo.com/cricketers/steven-smith-267192
Matthew Wade (c)†,https://espncricinfo.com/cricketers/matthew-wade-230193
Kane Richardson,https://espncricinfo.com/cricketers/kane-richardson-272262
Darwish Rasooli,https://espncricinfo.com/cricketers/darwish-rasooli-819441
Nasum Ahmed,https://espncricinfo.com/cricketers/nasum-ahmed-348049
Ebadot Hossain,https://espncricinfo.com/cricketers/ebadot-hossain-932355
Wellington Masakadza,https://espncricinfo.com/cricketers/wellington-masakadza-571703
Simon Atai,https://espncricinfo.com/cricketers/simon-atai-1115033
Damien Ravu,https://espncricinfo.com/cricketers/damien-ravu-1122557
Nosaina Pokana,https://espncricinfo.com/cricketers/nosaina-pokana-646181
Khawar Ali,https://espncricinfo.com/cricketers/khawar-ali-585081
Jatinder Singh,https://espncricinfo.com/cricketers/jatinder-singh-307756
Kyle Coetzer (c),https://espncricinfo.com/cricketers/kyle-coetzer-25446
Richie Berrington,https://espncricinfo.com/cricketers/richie-berrington-25490
Mohammad Saifuddin,https://espncricinfo.com/cricketers/mohammad-saifuddin-629070
Mushfiqur Rahim,https://espncricinfo.com/cricketers/mushfiqur-rahim-56029
Mahmudullah (c),https://espncricinfo.com/cricketers/mahmudullah-56025
Ben Cooper,https://espncricinfo.com/cricketers/ben-cooper-470699
Ryan ten Doeschate,https://espncricinfo.com/cricketers/ryan-ten-doeschate-47660
Scott Edwardsʠ,https://espncricinfo.com/cricketers/scott-edwards-1127317
Pieter Seelaar (c),https://espncricinfo.com/cricketers/pieter-seelaar-208657
Kevin O'Brien,https://espncricinfo.com/cricketers/kevin-o-brien-24605
Pieter Seelaar,https://espncricinfo.com/cricketers/pieter-seelaar-208657
Craig Williams,https://espncricinfo.com/cricketers/craig-williams-316102
Pikky Ya France,https://espncricinfo.com/cricketers/pikky-ya-france-308410
Kusal Pereraʠ,https://espncricinfo.com/cricketers/kusal-perera-300631
Dinesh Chandimal,https://espncricinfo.com/cricketers/dinesh-chandimal-300628
Avishka Fernando,https://espncricinfo.com/cricketers/avishka-fernando-784369
Alasdair Evans,https://espncricinfo.com/cricketers/alasdair-evans-399259
Mohammad Naim,https://espncricinfo.com/cricketers/mohammad-naim-990081
Zeeshan Maqsood (c),https://espncricinfo.com/cricketers/zeeshan-maqsood-585083
Sandeep Goud,https://espncricinfo.com/cricketers/sandeep-goud-1174024
Neil Rockʠ,https://espncricinfo.com/cricketers/neil-rock-1112535
Suraj Kumarʠ,https://espncricinfo.com/cricketers/suraj-kumar-1156690
Rassie van der Dussen,https://espncricinfo.com/cricketers/rassie-van-der-dussen-337790
Dwaine Pretorius,https://espncricinfo.com/cricketers/dwaine-pretorius-327830
Lendl Simmons,https://espncricinfo.com/cricketers/lendl-simmons-53116
Chris Gayle,https://espncricinfo.com/cricketers/chris-gayle-51880
Shimron Hetmyer,https://espncricinfo.com/cricketers/shimron-hetmyer-670025
Dwayne Bravo,https://espncricinfo.com/cricketers/dwayne-bravo-51439
Kieron Pollard (c),https://espncricinfo.com/cricketers/kieron-pollard-230559
Ravi Rampaul,https://espncricinfo.com/cricketers/ravi-rampaul-52912
Tymal Mills,https://espncricinfo.com/cricketers/tymal-mills-459257
Jason Roy,https://espncricinfo.com/cricketers/jason-roy-298438
Jos Buttlerʠ,https://espncricinfo.com/cricketers/jos-buttler-308967
Eoin Morgan (c),https://espncricinfo.com/cricketers/eoin-morgan-24598
Kieron Pollard,https://espncricinfo.com/cricketers/kieron-pollard-230559
Rohit Sharma,https://espncricinfo.com/cricketers/rohit-sharma-34102
Virat Kohli (c),https://espncricinfo.com/cricketers/virat-kohli-253802
Hasan Ali,https://espncricinfo.com/cricketers/hasan-ali-681305
Mohammad Hafeez,https://espncricinfo.com/cricketers/mohammad-hafeez-41434
Varun Chakravarthy,https://espncricinfo.com/cricketers/varun-chakravarthy-1108375
Mohammad Shahzadʠ,https://espncricinfo.com/cricketers/mohammad-shahzad-419873
Rahmanullah Gurbaz,https://espncricinfo.com/cricketers/rahmanullah-gurbaz-974087
Asghar Afghan,https://espncricinfo.com/cricketers/asghar-afghan-320652
Hayden Walsh,https://espncricinfo.com/cricketers/hayden-walsh-443263
Martin Guptill,https://espncricinfo.com/cricketers/martin-guptill-226492
Devon Conway,https://espncricinfo.com/cricketers/devon-conway-379140
Tim Seifertʠ,https://espncricinfo.com/cricketers/tim-seifert-625964
Shoaib Malik,https://espncricinfo.com/cricketers/shoaib-malik-42657
Craig Wallace,https://espncricinfo.com/cricketers/craig-wallace-414971
Hamid Hassan,https://espncricinfo.com/cricketers/hamid-hassan-311427
Ishan Kishan,https://espncricinfo.com/cricketers/ishan-kishan-720471
Shardul Thakur,https://espncricinfo.com/cricketers/shardul-thakur-475281
Adam Milne,https://espncricinfo.com/cricketers/adam-milne-450860
Shamim Hossain,https://espncricinfo.com/cricketers/shamim-hossain-1161044
Sharafuddin Ashraf,https://espncricinfo.com/cricketers/sharafuddin-ashraf-633362
Karl Birkenstock,https://espncricinfo.com/cricketers/karl-birkenstock-1057456
Hamza Tahir,https://espncricinfo.com/cricketers/hamza-tahir-751151
Dylan Budge,https://espncricinfo.com/cricketers/dylan-budge-764321
Rahul Chahar,https://espncricinfo.com/cricketers/rahul-chahar-1064812
Sam Billings,https://espncricinfo.com/cricketers/sam-billings-297628
Hamilton Masakadza (c),https://espncricinfo.com/cricketers/hamilton-masakadza-55608
Vusi Sibanda,https://espncricinfo.com/cricketers/vusi-sibanda-55787
Richmond Mutumbamiʠ,https://espncricinfo.com/cricketers/richmond-mutumbami-235516
Malcolm Waller,https://espncricinfo.com/cricketers/malcolm-waller-55872
Elton Chigumbura,https://espncricinfo.com/cricketers/elton-chigumbura-55343
Donald Tiripano,https://espncricinfo.com/cricketers/donald-tiripano-392945
Tinashe Panyangara,https://espncricinfo.com/cricketers/tinashe-panyangara-55705
Tanwir Afzal,https://espncricinfo.com/cricketers/tanwir-afzal-260036
Haseeb Amjad,https://espncricinfo.com/cricketers/haseeb-amjad-539305
Nadeem Ahmed,https://espncricinfo.com/cricketers/nadeem-ahmed-24230
Ryan Campbell,https://espncricinfo.com/cricketers/ryan-campbell-4527
Aizaz Khan,https://espncricinfo.com/cricketers/aizaz-khan-401540
Anshy Rath,https://espncricinfo.com/cricketers/anshy-rath-452472
Jamie Atkinsonʠ,https://espncricinfo.com/cricketers/jamie-atkinson-292152
Babar Hayat,https://espncricinfo.com/cricketers/babar-hayat-539304
Tanwir Afzal (c),https://espncricinfo.com/cricketers/tanwir-afzal-260036
Nizakat Khan,https://espncricinfo.com/cricketers/nizakat-khan-350629
Kinchit Shah,https://espncricinfo.com/cricketers/kinchit-shah-401537
Noor Ali Zadran,https://espncricinfo.com/cricketers/noor-ali-zadran-318340
Asghar Afghan (c),https://espncricinfo.com/cricketers/asghar-afghan-320652
Shafiqullah,https://espncricinfo.com/cricketers/shafiqullah-362603
Dawlat Zadran,https://espncricinfo.com/cricketers/dawlat-zadran-516561
Samiullah Shinwari,https://espncricinfo.com/cricketers/samiullah-shinwari-318339
Matt Machan,https://espncricinfo.com/cricketers/matt-machan-297488
Kyle Coetzer,https://espncricinfo.com/cricketers/kyle-coetzer-25446
Preston Mommsen (c),https://espncricinfo.com/cricketers/preston-mommsen-461281
Amir Hamza,https://espncricinfo.com/cricketers/amir-hamza-402245
Tamim Iqbal,https://espncricinfo.com/cricketers/tamim-iqbal-56194
Sabbir Rahman,https://espncricinfo.com/cricketers/sabbir-rahman-373538
Mushfiqur Rahimʠ,https://espncricinfo.com/cricketers/mushfiqur-rahim-56029
Nasir Hossain,https://espncricinfo.com/cricketers/nasir-hossain-300618
Mashrafe Mortaza (c),https://espncricinfo.com/cricketers/mashrafe-mortaza-56007
Arafat Sunny,https://espncricinfo.com/cricketers/arafat-sunny-56268
Mudassar Bukhari,https://espncricinfo.com/cricketers/mudassar-bukhari-245166
Peter Borren,https://espncricinfo.com/cricketers/peter-borren-36592
Wesley Barresiʠ,https://espncricinfo.com/cricketers/wesley-barresi-44407
Peter Borren (c),https://espncricinfo.com/cricketers/peter-borren-36592
Al-Amin Hossain,https://espncricinfo.com/cricketers/al-amin-hossain-511532
Mashrafe Mortaza,https://espncricinfo.com/cricketers/mashrafe-mortaza-56007
William Porterfield (c),https://espncricinfo.com/cricketers/william-porterfield-24611
Gary Wilson,https://espncricinfo.com/cricketers/gary-wilson-24609
Niall O'Brienʠ,https://espncricinfo.com/cricketers/niall-o-brien-24289
Andrew Poynter,https://espncricinfo.com/cricketers/andrew-poynter-210279
Andy McBrine,https://espncricinfo.com/cricketers/andy-mcbrine-417381
Max Sorensen,https://espncricinfo.com/cricketers/max-sorensen-531953
Ajay Lalcheta,https://espncricinfo.com/cricketers/ajay-lalcheta-543449
Munis Ansari,https://espncricinfo.com/cricketers/munis-ansari-631264
Aamir Kaleem,https://espncricinfo.com/cricketers/aamir-kaleem-455463
Amir Ali,https://espncricinfo.com/cricketers/amir-ali-387046
Adnan Ilyas,https://espncricinfo.com/cricketers/adnan-ilyas-26038
Sultan Ahmed (c)†,https://espncricinfo.com/cricketers/sultan-ahmed-42876
Tim Murtagh,https://espncricinfo.com/cricketers/tim-murtagh-17134
Boyd Rankin,https://espncricinfo.com/cricketers/boyd-rankin-24599
Adil Mehmood,https://espncricinfo.com/cricketers/adil-mehmood-497512
Gavin Main,https://espncricinfo.com/cricketers/gavin-main-470777
Rob Taylor,https://espncricinfo.com/cricketers/rob-taylor-353431
Con de Lange,https://espncricinfo.com/cricketers/con-de-lange-44851
Ahsan Malik,https://espncricinfo.com/cricketers/ahsan-malik-518097
Abu Hider,https://espncricinfo.com/cricketers/abu-hider-550137
Colin Munro,https://espncricinfo.com/cricketers/colin-munro-232359
Ross Taylor,https://espncricinfo.com/cricketers/ross-taylor-38699
Grant Elliott,https://espncricinfo.com/cricketers/grant-elliott-44956
Luke Ronchiʠ,https://espncricinfo.com/cricketers/luke-ronchi-7502
Nathan McCullum,https://espncricinfo.com/cricketers/nathan-mccullum-37749
Ashish Nehra,https://espncricinfo.com/cricketers/ashish-nehra-31820
Suresh Raina,https://espncricinfo.com/cricketers/suresh-raina-33335
Shikhar Dhawan,https://espncricinfo.com/cricketers/shikhar-dhawan-28235
Yuvraj Singh,https://espncricinfo.com/cricketers/yuvraj-singh-36084
MS Dhoni (c)†,https://espncricinfo.com/cricketers/ms-dhoni-28081
Sharjeel Khan,https://espncricinfo.com/cricketers/sharjeel-khan-227762
Ahmed Shehzad,https://espncricinfo.com/cricketers/ahmed-shehzad-259410
Shahid Afridi (c),https://espncricinfo.com/cricketers/shahid-afridi-42639
Umar Akmal,https://espncricinfo.com/cricketers/umar-akmal-317273
Sarfaraz Ahmedʠ,https://espncricinfo.com/cricketers/sarfaraz-ahmed-227760
Mohammad Mithun,https://espncricinfo.com/cricketers/mohammad-mithun-269237
Mohammad Irfan,https://espncricinfo.com/cricketers/mohammad-irfan-429981
Wahab Riaz,https://espncricinfo.com/cricketers/wahab-riaz-43590
Shahid Afridi,https://espncricinfo.com/cricketers/shahid-afridi-42639
Joe Root,https://espncricinfo.com/cricketers/joe-root-303669
Jerome Taylor,https://espncricinfo.com/cricketers/jerome-taylor-53191
Samuel Badree,https://espncricinfo.com/cricketers/samuel-badree-51433
Sulieman Benn,https://espncricinfo.com/cricketers/sulieman-benn-51248
Carlos Brathwaite,https://espncricinfo.com/cricketers/carlos-brathwaite-457249
Marlon Samuels,https://espncricinfo.com/cricketers/marlon-samuels-52983
Denesh Ramdinʠ,https://espncricinfo.com/cricketers/denesh-ramdin-52917
Daren Sammy (c),https://espncricinfo.com/cricketers/daren-sammy-53115
David Willey,https://espncricinfo.com/cricketers/david-willey-308251
Karim Sadiq,https://espncricinfo.com/cricketers/karim-sadiq-319758
Nuwan Kulasekara,https://espncricinfo.com/cricketers/nuwan-kulasekara-49535
Rangana Herath,https://espncricinfo.com/cricketers/rangana-herath-49178
Thisara Perera,https://espncricinfo.com/cricketers/thisara-perera-233514
Milinda Siriwardana,https://espncricinfo.com/cricketers/milinda-siriwardana-222354
Dinesh Chandimalʠ,https://espncricinfo.com/cricketers/dinesh-chandimal-300628
Tillakaratne Dilshan,https://espncricinfo.com/cricketers/tillakaratne-dilshan-48472
Lahiru Thirimanne,https://espncricinfo.com/cricketers/lahiru-thirimanne-301236
Chamara Kapugedera,https://espncricinfo.com/cricketers/chamara-kapugedera-209457
Angelo Mathews (c),https://espncricinfo.com/cricketers/angelo-mathews-49764
Mitchell McClenaghan,https://espncricinfo.com/cricketers/mitchell-mcclenaghan-319439
Nathan Coulter-Nile,https://espncricinfo.com/cricketers/nathan-coulter-nile-261354
Shane Watson,https://espncricinfo.com/cricketers/shane-watson-8180
James Faulkner,https://espncricinfo.com/cricketers/james-faulkner-270484
Usman Khawaja,https://espncricinfo.com/cricketers/usman-khawaja-215155
Steven Smith (c),https://espncricinfo.com/cricketers/steven-smith-267192
Peter Nevillʠ,https://espncricinfo.com/cricketers/peter-nevill-6973
Kane Williamson,https://espncricinfo.com/cricketers/kane-williamson-277906
Hashim Amla,https://espncricinfo.com/cricketers/hashim-amla-43906
AB de Villiers,https://espncricinfo.com/cricketers/ab-de-villiers-44936
Faf du Plessis (c),https://espncricinfo.com/cricketers/faf-du-plessis-44828
Jean-Paul Duminy,https://espncricinfo.com/cricketers/jean-paul-duminy-44932
Chris Morris,https://espncricinfo.com/cricketers/chris-morris-439952
Dale Steyn,https://espncricinfo.com/cricketers/dale-steyn-47492
Kyle Abbott,https://espncricinfo.com/cricketers/kyle-abbott-297583
Imran Tahir,https://espncricinfo.com/cricketers/imran-tahir-40618
Mohammad Sami,https://espncricinfo.com/cricketers/mohammad-sami-41324
Shapoor Zadran,https://espncricinfo.com/cricketers/shapoor-zadran-319746
Jeffrey Vandersay,https://espncricinfo.com/cricketers/jeffrey-vandersay-370040
Andre Fletcher,https://espncricinfo.com/cricketers/andre-fletcher-51862
Shuvagata Hom,https://espncricinfo.com/cricketers/shuvagata-hom-402992
John Hastings,https://espncricinfo.com/cricketers/john-hastings-228622
Saqlain Sajib,https://espncricinfo.com/cricketers/saqlain-sajib-280737
Khalid Latif,https://espncricinfo.com/cricketers/khalid-latif-41046
James Vince,https://espncricinfo.com/cricketers/james-vince-296597
Liam Plunkett,https://espncricinfo.com/cricketers/liam-plunkett-19264
Aaron Finch,https://espncricinfo.com/cricketers/aaron-finch-5334
Aaron Phangiso,https://espncricinfo.com/cricketers/aaron-phangiso-46942
Henry Nicholls,https://espncricinfo.com/cricketers/henry-nicholls-539511
Daren Sammy,https://espncricinfo.com/cricketers/daren-sammy-53115
Dinesh Chandimal (c)†,https://espncricinfo.com/cricketers/dinesh-chandimal-300628
Shehan Jayasuriya,https://espncricinfo.com/cricketers/shehan-jayasuriya-422965
Suranga Lakmal,https://espncricinfo.com/cricketers/suranga-lakmal-49619
Farhaan Behardien,https://espncricinfo.com/cricketers/farhaan-behardien-44410
Ajinkya Rahane,https://espncricinfo.com/cricketers/ajinkya-rahane-277916
Najeeb Tarakai,https://espncricinfo.com/cricketers/najeeb-tarakai-533953
Nawroz Mangal,https://espncricinfo.com/cricketers/nawroz-mangal-318334
Aftab Alam,https://espncricinfo.com/cricketers/aftab-alam-440963
Abdur Razzak,https://espncricinfo.com/cricketers/abdur-razzak-56283
Farhad Reza,https://espncricinfo.com/cricketers/farhad-reza-55894
Anamul Haque,https://espncricinfo.com/cricketers/anamul-haque-380354
Mushfiqur Rahim (c)†,https://espncricinfo.com/cricketers/mushfiqur-rahim-56029
Subash Khakurelʠ,https://espncricinfo.com/cricketers/subash-khakurel-446807
Sagar Pun,https://espncricinfo.com/cricketers/sagar-pun-524095
Gyanendra Malla,https://espncricinfo.com/cricketers/gyanendra-malla-233400
Paras Khadka (c),https://espncricinfo.com/cricketers/paras-khadka-25967
Binod Bhandari,https://espncricinfo.com/cricketers/binod-bhandari-437005
Sharad Vesawkar,https://espncricinfo.com/cricketers/sharad-vesawkar-25977
Basant Regmi,https://espncricinfo.com/cricketers/basant-regmi-25955
Naresh Budayair,https://espncricinfo.com/cricketers/naresh-budayair-437757
Shakti Gauchan,https://espncricinfo.com/cricketers/shakti-gauchan-25964
Najeeb Amar,https://espncricinfo.com/cricketers/najeeb-amar-42106
Irfan Ahmed,https://espncricinfo.com/cricketers/irfan-ahmed-208253
Waqas Barkat,https://espncricinfo.com/cricketers/waqas-barkat-350632
Jamie Atkinson (c)†,https://espncricinfo.com/cricketers/jamie-atkinson-292152
Paras Khadka,https://espncricinfo.com/cricketers/paras-khadka-25967
Jitendra Mukhiya,https://espncricinfo.com/cricketers/jitendra-mukhiya-680279
Hamilton Masakadza,https://espncricinfo.com/cricketers/hamilton-masakadza-55608
Brendan Taylor (c)†,https://espncricinfo.com/cricketers/brendan-taylor-55814
Timycen Maruma,https://espncricinfo.com/cricketers/timycen-maruma-235524
Prosper Utseya,https://espncricinfo.com/cricketers/prosper-utseya-55820
Alex Cusack,https://espncricinfo.com/cricketers/alex-cusack-293983
Ed Joyce,https://espncricinfo.com/cricketers/ed-joyce-24249
Gary Wilsonʠ,https://espncricinfo.com/cricketers/gary-wilson-24609
Stuart Thompson,https://espncricinfo.com/cricketers/stuart-thompson-414821
Tafadzwa Kamungozi,https://espncricinfo.com/cricketers/tafadzwa-kamungozi-235521
Amjad Ali,https://espncricinfo.com/cricketers/amjad-ali-39745
Faizan Asif,https://espncricinfo.com/cricketers/faizan-asif-447287
Khurram Khan (c),https://espncricinfo.com/cricketers/khurram-khan-25589
Swapnil Patilʠ,https://espncricinfo.com/cricketers/swapnil-patil-447458
Shaiman Anwar,https://espncricinfo.com/cricketers/shaiman-anwar-43121
Rohan Mustafa,https://espncricinfo.com/cricketers/rohan-mustafa-307808
Amjad Javed,https://espncricinfo.com/cricketers/amjad-javed-25613
Vikrant Shetty,https://espncricinfo.com/cricketers/vikrant-shetty-342182
Shadeep Silva,https://espncricinfo.com/cricketers/shadeep-silva-50460
Kamran Shazad,https://espncricinfo.com/cricketers/kamran-shazad-623104
Manjula Guruge,https://espncricinfo.com/cricketers/manjula-guruge-49013
Michael Swart,https://espncricinfo.com/cricketers/michael-swart-308794
Munir Dar,https://espncricinfo.com/cricketers/munir-dar-220613
Natsai M'shangwe,https://espncricinfo.com/cricketers/natsai-m-shangwe-392944
Sharif Asadullah,https://espncricinfo.com/cricketers/sharif-asadullah-43181
Mirwais Ashraf,https://espncricinfo.com/cricketers/mirwais-ashraf-387420
Rubel Hossain,https://espncricinfo.com/cricketers/rubel-hossain-300619
Ehsan Nawaz,https://espncricinfo.com/cricketers/ehsan-nawaz-718553
Khurram Khan,https://espncricinfo.com/cricketers/khurram-khan-25589
Kamran Akmalʠ,https://espncricinfo.com/cricketers/kamran-akmal-41028
Mohammad Hafeez (c),https://espncricinfo.com/cricketers/mohammad-hafeez-41434
Sohaib Maqsood,https://espncricinfo.com/cricketers/sohaib-maqsood-43266
Bilawal Bhatti,https://espncricinfo.com/cricketers/bilawal-bhatti-343305
Umar Gul,https://espncricinfo.com/cricketers/umar-gul-43524
Amit Mishra,https://espncricinfo.com/cricketers/amit-mishra-31107
Junaid Khan,https://espncricinfo.com/cricketers/junaid-khan-259551
Saeed Ajmal,https://espncricinfo.com/cricketers/saeed-ajmal-42699
Kusal Perera,https://espncricinfo.com/cricketers/kusal-perera-300631
Mahela Jayawardene,https://espncricinfo.com/cricketers/mahela-jayawardene-49289
Kumar Sangakkaraʠ,https://espncricinfo.com/cricketers/kumar-sangakkara-50710
Dinesh Chandimal (c),https://espncricinfo.com/cricketers/dinesh-chandimal-300628
Sachithra Senanayake,https://espncricinfo.com/cricketers/sachithra-senanayake-273439
Ajantha Mendis,https://espncricinfo.com/cricketers/ajantha-mendis-268739
Lonwabo Tsotsobe,https://espncricinfo.com/cricketers/lonwabo-tsotsobe-47666
Morne Morkel,https://espncricinfo.com/cricketers/morne-morkel-46538
Albie Morkel,https://espncricinfo.com/cricketers/albie-morkel-46248
AB de Villiers (c),https://espncricinfo.com/cricketers/ab-de-villiers-44936
Lasith Malinga,https://espncricinfo.com/cricketers/lasith-malinga-49758
Michael Lumb,https://espncricinfo.com/cricketers/michael-lumb-16406
Eoin Morgan,https://espncricinfo.com/cricketers/eoin-morgan-24598
Ravi Bopara,https://espncricinfo.com/cricketers/ravi-bopara-10582
Tim Bresnan,https://espncricinfo.com/cricketers/tim-bresnan-9310
Stuart Broad (c),https://espncricinfo.com/cricketers/stuart-broad-10617
Kyle Mills,https://espncricinfo.com/cricketers/kyle-mills-37740
Brendon McCullum (c),https://espncricinfo.com/cricketers/brendon-mccullum-37737
Jade Dernbach,https://espncricinfo.com/cricketers/jade-dernbach-12461
Stuart Broad,https://espncricinfo.com/cricketers/stuart-broad-10617
Doug Bollinger,https://espncricinfo.com/cricketers/doug-bollinger-4508
Brad Hogg,https://espncricinfo.com/cricketers/brad-hogg-5681
George Bailey (c),https://espncricinfo.com/cricketers/george-bailey-4451
Brad Hodge,https://espncricinfo.com/cricketers/brad-hodge-5674
Brad Haddinʠ,https://espncricinfo.com/cricketers/brad-haddin-5560
Zulfiqar Babar,https://espncricinfo.com/cricketers/zulfiqar-babar-43871
Dwayne Smith,https://espncricinfo.com/cricketers/dwayne-smith-53118
Sunil Narine,https://espncricinfo.com/cricketers/sunil-narine-230558
Krishmar Santokie,https://espncricinfo.com/cricketers/krishmar-santokie-314622
Sohag Gazi,https://espncricinfo.com/cricketers/sohag-gazi-444135
Ziaur Rahman,https://espncricinfo.com/cricketers/ziaur-rahman-56167
Mominul Haque,https://espncricinfo.com/cricketers/mominul-haque-373696
Beuran Hendricks,https://espncricinfo.com/cricketers/beuran-hendricks-379927
James Tredwell,https://espncricinfo.com/cricketers/james-tredwell-21646
James Muirhead,https://espncricinfo.com/cricketers/james-muirhead-533043
Shamsur Rahman,https://espncricinfo.com/cricketers/shamsur-rahman-56154
Sohail Tanvir,https://espncricinfo.com/cricketers/sohail-tanvir-43265
Cameron White,https://espncricinfo.com/cricketers/cameron-white-8291
Mohit Sharma,https://espncricinfo.com/cricketers/mohit-sharma-537119
Stephen Parry,https://espncricinfo.com/cricketers/stephen-parry-215058
Lasith Malinga (c),https://espncricinfo.com/cricketers/lasith-malinga-49758
Dan Christian,https://espncricinfo.com/cricketers/dan-christian-4864
Seekkuge Prasanna,https://espncricinfo.com/cricketers/seekkuge-prasanna-268740
Dilshan Munaweera,https://espncricinfo.com/cricketers/dilshan-munaweera-304735
Mahela Jayawardene (c),https://espncricinfo.com/cricketers/mahela-jayawardene-49289
Jeevan Mendis,https://espncricinfo.com/cricketers/jeevan-mendis-49700
Kyle Jarvis,https://espncricinfo.com/cricketers/kyle-jarvis-332996
Brian Vitori,https://espncricinfo.com/cricketers/brian-vitori-235514
Chris Mpofu,https://espncricinfo.com/cricketers/chris-mpofu-55633
Graeme Cremer,https://espncricinfo.com/cricketers/graeme-cremer-55346
Craig Ervine,https://espncricinfo.com/cricketers/craig-ervine-55412
Niall O'Brien,https://espncricinfo.com/cricketers/niall-o-brien-24289
Trent Johnston,https://espncricinfo.com/cricketers/trent-johnston-6038
Nigel Jones,https://espncricinfo.com/cricketers/nigel-jones-406308
Michael Hussey,https://espncricinfo.com/cricketers/michael-hussey-5939
Gautam Gambhir,https://espncricinfo.com/cricketers/gautam-gambhir-28763
Virender Sehwag,https://espncricinfo.com/cricketers/virender-sehwag-35263
Irfan Pathan,https://espncricinfo.com/cricketers/irfan-pathan-32685
Nawroz Mangal (c),https://espncricinfo.com/cricketers/nawroz-mangal-318334
Zaheer Khan,https://espncricinfo.com/cricketers/zaheer-khan-30102
Lakshmipathy Balaji,https://espncricinfo.com/cricketers/lakshmipathy-balaji-26829
Stuart Matsikenyeri,https://espncricinfo.com/cricketers/stuart-matsikenyeri-55612
Ray Price,https://espncricinfo.com/cricketers/ray-price-55698
Johan Botha,https://espncricinfo.com/cricketers/johan-botha-44149
Robin Peterson,https://espncricinfo.com/cricketers/robin-peterson-46750
Jacques Kallis,https://espncricinfo.com/cricketers/jacques-kallis-45789
Richard Levi,https://espncricinfo.com/cricketers/richard-levi-46148
James Franklin,https://espncricinfo.com/cricketers/james-franklin-37004
Brendon McCullumʠ,https://espncricinfo.com/cricketers/brendon-mccullum-37737
Ross Taylor (c),https://espncricinfo.com/cricketers/ross-taylor-38699
Rob Nicol,https://espncricinfo.com/cricketers/rob-nicol-38058
Shafiul Islam,https://espncricinfo.com/cricketers/shafiul-islam-288305
Elias Sunny,https://espncricinfo.com/cricketers/elias-sunny-55883
Mohammad Ashraful,https://espncricinfo.com/cricketers/mohammad-ashraful-55988
Jacob Oram,https://espncricinfo.com/cricketers/jacob-oram-38062
Daniel Vettori,https://espncricinfo.com/cricketers/daniel-vettori-38710
Craig Kieswetterʠ,https://espncricinfo.com/cricketers/craig-kieswetter-230855
Luke Wright,https://espncricinfo.com/cricketers/luke-wright-23460
Jos Buttler,https://espncricinfo.com/cricketers/jos-buttler-308967
Samit Patel,https://espncricinfo.com/cricketers/samit-patel-18632
Izatullah Dawlatzai,https://espncricinfo.com/cricketers/izatullah-dawlatzai-402247
Steven Finn,https://espncricinfo.com/cricketers/steven-finn-210283
Graeme Swann,https://espncricinfo.com/cricketers/graeme-swann-20431
Faf du Plessis,https://espncricinfo.com/cricketers/faf-du-plessis-44828
AB de Villiers (c)†,https://espncricinfo.com/cricketers/ab-de-villiers-44936
Fidel Edwards,https://espncricinfo.com/cricketers/fidel-edwards-51782
Imran Nazir,https://espncricinfo.com/cricketers/imran-nazir-40563
Nasir Jamshed,https://espncricinfo.com/cricketers/nasir-jamshed-42321
Yasir Arafat,https://espncricinfo.com/cricketers/yasir-arafat-43654
Ashok Dinda,https://espncricinfo.com/cricketers/ashok-dinda-227712
Harbhajan Singh,https://espncricinfo.com/cricketers/harbhajan-singh-29264
Piyush Chawla,https://espncricinfo.com/cricketers/piyush-chawla-32966
Abul Hasan,https://espncricinfo.com/cricketers/abul-hasan-373439
Akila Dananjaya,https://espncricinfo.com/cricketers/akila-dananjaya-574178
Raza Hasan,https://espncricinfo.com/cricketers/raza-hasan-343548
Doug Bracewell,https://espncricinfo.com/cricketers/doug-bracewell-362541
Danny Briggs,https://espncricinfo.com/cricketers/danny-briggs-310107
Xavier Doherty,https://espncricinfo.com/cricketers/xavier-doherty-5017
Darren Bravo,https://espncricinfo.com/cricketers/darren-bravo-277472
Ronnie Hira,https://espncricinfo.com/cricketers/ronnie-hira-232356
Kumar Sangakkara (c)†,https://espncricinfo.com/cricketers/kumar-sangakkara-50710
Jonny Bairstowʠ,https://espncricinfo.com/cricketers/jonny-bairstow-297433
Abdul Razzaq,https://espncricinfo.com/cricketers/abdul-razzaq-39836
David Hussey,https://espncricinfo.com/cricketers/david-hussey-5766
Sanath Jayasuriya,https://espncricinfo.com/cricketers/sanath-jayasuriya-49209
Shane Bond,https://espncricinfo.com/cricketers/shane-bond-36326
Scott Styris,https://espncricinfo.com/cricketers/scott-styris-38407
Brendon McCullum,https://espncricinfo.com/cricketers/brendon-mccullum-37737
Jesse Ryder,https://espncricinfo.com/cricketers/jesse-ryder-38373
Daniel Vettori (c),https://espncricinfo.com/cricketers/daniel-vettori-38710
Gareth Hopkinsʠ,https://espncricinfo.com/cricketers/gareth-hopkins-37248
Chanaka Welegedara,https://espncricinfo.com/cricketers/chanaka-welegedara-51019
Muthiah Muralidaran,https://espncricinfo.com/cricketers/muthiah-muralidaran-49636
Shivnarine Chanderpaul,https://espncricinfo.com/cricketers/shivnarine-chanderpaul-51469
Dwayne Bravo (c),https://espncricinfo.com/cricketers/dwayne-bravo-51439
Ramnaresh Sarwan,https://espncricinfo.com/cricketers/ramnaresh-sarwan-52969
Narsingh Deonarine,https://espncricinfo.com/cricketers/narsingh-deonarine-51659
Nikita Miller,https://espncricinfo.com/cricketers/nikita-miller-52622
Kemar Roach,https://espncricinfo.com/cricketers/kemar-roach-230553
Andre Botha,https://espncricinfo.com/cricketers/andre-botha-44102
John Mooney,https://espncricinfo.com/cricketers/john-mooney-24237
Raees Ahmadzai,https://espncricinfo.com/cricketers/raees-ahmadzai-320284
Dawlat Ahmadzai,https://espncricinfo.com/cricketers/dawlat-ahmadzai-25917
Praveen Kumar,https://espncricinfo.com/cricketers/praveen-kumar-30732
Yusuf Pathan,https://espncricinfo.com/cricketers/yusuf-pathan-32498
Murali Vijay,https://espncricinfo.com/cricketers/murali-vijay-237095
Salman Butt,https://espncricinfo.com/cricketers/salman-butt-42683
Misbah-ul-Haq,https://espncricinfo.com/cricketers/misbah-ul-haq-41378
Naeem Islam,https://espncricinfo.com/cricketers/naeem-islam-56054
Sohrawordi Shuvo,https://espncricinfo.com/cricketers/sohrawordi-shuvo-56138
Imrul Kayes,https://espncricinfo.com/cricketers/imrul-kayes-280734
Dinesh Karthik,https://espncricinfo.com/cricketers/dinesh-karthik-30045
Rory Kleinveldt,https://espncricinfo.com/cricketers/rory-kleinveldt-45949
Loots Bosman,https://espncricinfo.com/cricketers/loots-bosman-44098
Graeme Smith (c),https://espncricinfo.com/cricketers/graeme-smith-47270
Mark Boucherʠ,https://espncricinfo.com/cricketers/mark-boucher-44111
Michael Clarke (c),https://espncricinfo.com/cricketers/michael-clarke-4578
Mitchell Johnson,https://espncricinfo.com/cricketers/mitchell-johnson-6033
Dirk Nannes,https://espncricinfo.com/cricketers/dirk-nannes-6981
Shaun Tait,https://espncricinfo.com/cricketers/shaun-tait-8076
Fawad Alam,https://espncricinfo.com/cricketers/fawad-alam-40250
Michael Clarke,https://espncricinfo.com/cricketers/michael-clarke-4578
Suraj Randiv,https://espncricinfo.com/cricketers/suraj-randiv-50438
Greg Lamb,https://espncricinfo.com/cricketers/greg-lamb-55562
Tatenda Taibuʠ,https://espncricinfo.com/cricketers/tatenda-taibu-55805
Brendan Taylor,https://espncricinfo.com/cricketers/brendan-taylor-55814
Kevin Pietersen,https://espncricinfo.com/cricketers/kevin-pietersen-19296
Paul Collingwood (c),https://espncricinfo.com/cricketers/paul-collingwood-10772
Chris Gayle (c),https://espncricinfo.com/cricketers/chris-gayle-51880
Andre Fletcherʠ,https://espncricinfo.com/cricketers/andre-fletcher-51862
Ryan Sidebottom,https://espncricinfo.com/cricketers/ryan-sidebottom-20187
Michael Yardy,https://espncricinfo.com/cricketers/michael-yardy-23523
Andy Blignaut,https://espncricinfo.com/cricketers/andy-blignaut-55259
Charles Coventry,https://espncricinfo.com/cricketers/charles-coventry-55329
Prosper Utseya (c),https://espncricinfo.com/cricketers/prosper-utseya-55820
Ryan Harris,https://espncricinfo.com/cricketers/ryan-harris-5779
Aftab Ahmed,https://espncricinfo.com/cricketers/aftab-ahmed-56266
Jahurul Islam,https://espncricinfo.com/cricketers/jahurul-islam-55944
Charl Langeveldt,https://espncricinfo.com/cricketers/charl-langeveldt-45963
Mohammad Asif,https://espncricinfo.com/cricketers/mohammad-asif-41411
Paul Collingwood,https://espncricinfo.com/cricketers/paul-collingwood-10772
Herschelle Gibbs,https://espncricinfo.com/cricketers/herschelle-gibbs-45224
Wavell Hinds,https://espncricinfo.com/cricketers/wavell-hinds-52057
Ian Butler,https://espncricinfo.com/cricketers/ian-butler-36331
Abdur Rehman,https://espncricinfo.com/cricketers/abdur-rehman-39091
Aaron Redmond,https://espncricinfo.com/cricketers/aaron-redmond-38264
Thilan Thushara,https://espncricinfo.com/cricketers/thilan-thushara-49677
Chinthaka Jayasinghe,https://espncricinfo.com/cricketers/chinthaka-jayasinghe-49287
Vinay Kumar,https://espncricinfo.com/cricketers/vinay-kumar-35731
Owais Shah,https://espncricinfo.com/cricketers/owais-shah-20123
Rob Key,https://espncricinfo.com/cricketers/rob-key-15876
James Fosterʠ,https://espncricinfo.com/cricketers/james-foster-12877
Edgar Schiferli,https://espncricinfo.com/cricketers/edgar-schiferli-24943
Alexei Kervezee,https://espncricinfo.com/cricketers/alexei-kervezee-214695
Darron Reekers,https://espncricinfo.com/cricketers/darron-reekers-38261
Bas Zuiderent,https://espncricinfo.com/cricketers/bas-zuiderent-24990
Tom de Grooth,https://espncricinfo.com/cricketers/tom-de-grooth-25022
Daan van Bunge,https://espncricinfo.com/cricketers/daan-van-bunge-24964
Jeroen Smits (c)†,https://espncricinfo.com/cricketers/jeroen-smits-24952
James Anderson,https://espncricinfo.com/cricketers/james-anderson-8608
Ryan Watson,https://espncricinfo.com/cricketers/ryan-watson-25428
Navdeep Poonia,https://espncricinfo.com/cricketers/navdeep-poonia-19276
Jan Stander,https://espncricinfo.com/cricketers/jan-stander-298195
Colin Smithʠ,https://espncricinfo.com/cricketers/colin-smith-25112
Gavin Hamilton (c),https://espncricinfo.com/cricketers/gavin-hamilton-14020
Iain O'Brien,https://espncricinfo.com/cricketers/iain-o-brien-38108
Gordon Drummond,https://espncricinfo.com/cricketers/gordon-drummond-295644
Craig Wright,https://espncricinfo.com/cricketers/craig-wright-25123
Ricky Ponting (c),https://espncricinfo.com/cricketers/ricky-ponting-7133
Brett Lee,https://espncricinfo.com/cricketers/brett-lee-6278
James Hopes,https://espncricinfo.com/cricketers/james-hopes-5702
Xavier Marshall,https://espncricinfo.com/cricketers/xavier-marshall-52626
Nathan Bracken,https://espncricinfo.com/cricketers/nathan-bracken-4185
Shahadat Hossain,https://espncricinfo.com/cricketers/shahadat-hossain-56149
Zunaed Siddique,https://espncricinfo.com/cricketers/zunaed-siddique-55946
Mohammad Ashraful (c),https://espncricinfo.com/cricketers/mohammad-ashraful-55988
Raqibul Hasan,https://espncricinfo.com/cricketers/raqibul-hasan-56093
Ishant Sharma,https://espncricinfo.com/cricketers/ishant-sharma-236779
Pragyan Ojha,https://espncricinfo.com/cricketers/pragyan-ojha-32130
Glenn Rogers,https://espncricinfo.com/cricketers/glenn-rogers-272473
Majid Haq,https://espncricinfo.com/cricketers/majid-haq-25451
Neil McCallum,https://espncricinfo.com/cricketers/neil-mccallum-25430
Dimitri Mascarenhas,https://espncricinfo.com/cricketers/dimitri-mascarenhas-16932
Younis Khan (c),https://espncricinfo.com/cricketers/younis-khan-43652
Regan West,https://espncricinfo.com/cricketers/regan-west-38759
Kyle McCallan,https://espncricinfo.com/cricketers/kyle-mccallan-24251
Jeremy Bray,https://espncricinfo.com/cricketers/jeremy-bray-4433
Nathan Hauritz,https://espncricinfo.com/cricketers/nathan-hauritz-5593
Isuru Udana,https://espncricinfo.com/cricketers/isuru-udana-328026
Chamara Silva,https://espncricinfo.com/cricketers/chamara-silva-50431
Jehan Mubarak,https://espncricinfo.com/cricketers/jehan-mubarak-49633
Brendon Diamanti,https://espncricinfo.com/cricketers/brendon-diamanti-36950
Neil Broom,https://espncricinfo.com/cricketers/neil-broom-36581
Peter McGlashanʠ,https://espncricinfo.com/cricketers/peter-mcglashan-37770
Denesh Ramdin (c)†,https://espncricinfo.com/cricketers/denesh-ramdin-52917
Andrew White,https://espncricinfo.com/cricketers/andrew-white-24286
Peter Connell,https://espncricinfo.com/cricketers/peter-connell-303349
Shahzaib Hasan,https://espncricinfo.com/cricketers/shahzaib-hasan-370846
RP Singh,https://espncricinfo.com/cricketers/rp-singh-35280
Devon Smith,https://espncricinfo.com/cricketers/devon-smith-52962
Ramnaresh Sarwan (c),https://espncricinfo.com/cricketers/ramnaresh-sarwan-52969
Daren Powell,https://espncricinfo.com/cricketers/daren-powell-52790
Shaun Pollock,https://espncricinfo.com/cricketers/shaun-pollock-46774
Makhaya Ntini,https://espncricinfo.com/cricketers/makhaya-ntini-46592
Johan van der Wath,https://espncricinfo.com/cricketers/johan-van-der-wath-47693
Vernon Philander,https://espncricinfo.com/cricketers/vernon-philander-46945
Graeme Smith,https://espncricinfo.com/cricketers/graeme-smith-47270
Justin Kemp,https://espncricinfo.com/cricketers/justin-kemp-45797
Morris Oumaʠ,https://espncricinfo.com/cricketers/morris-ouma-24750
David Obuya,https://espncricinfo.com/cricketers/david-obuya-24760
Tanmay Mishra,https://espncricinfo.com/cricketers/tanmay-mishra-24790
Steve Tikolo (c),https://espncricinfo.com/cricketers/steve-tikolo-24728
Collins Obuya,https://espncricinfo.com/cricketers/collins-obuya-24752
Thomas Odoyo,https://espncricinfo.com/cricketers/thomas-odoyo-24705
Nehemiah Odhiambo,https://espncricinfo.com/cricketers/nehemiah-odhiambo-238612
Alex Obanda,https://espncricinfo.com/cricketers/alex-obanda-291844
Jimmy Kamande,https://espncricinfo.com/cricketers/jimmy-kamande-24697
Rajesh Bhudia,https://espncricinfo.com/cricketers/rajesh-bhudia-24773
Peter Ongondo,https://espncricinfo.com/cricketers/peter-ongondo-24762
Mark Gillespie,https://espncricinfo.com/cricketers/mark-gillespie-37111
Chris Martin,https://espncricinfo.com/cricketers/chris-martin-37700
Lou Vincent,https://espncricinfo.com/cricketers/lou-vincent-38714
Peter Fulton,https://espncricinfo.com/cricketers/peter-fulton-37091
Younis Khan,https://espncricinfo.com/cricketers/younis-khan-43652
Shoaib Malik (c),https://espncricinfo.com/cricketers/shoaib-malik-42657
John Blain,https://espncricinfo.com/cricketers/john-blain-25087
Dewald Nel,https://espncricinfo.com/cricketers/dewald-nel-25481
Dougie Brown,https://espncricinfo.com/cricketers/dougie-brown-9254
Fraser Watts,https://espncricinfo.com/cricketers/fraser-watts-25120
Ryan Watson (c),https://espncricinfo.com/cricketers/ryan-watson-25428
Gavin Hamilton,https://espncricinfo.com/cricketers/gavin-hamilton-14020
Adam Gilchristʠ,https://espncricinfo.com/cricketers/adam-gilchrist-5390
Matthew Hayden,https://espncricinfo.com/cricketers/matthew-hayden-5616
Andrew Symonds,https://espncricinfo.com/cricketers/andrew-symonds-7702
Brad Haddin,https://espncricinfo.com/cricketers/brad-haddin-5560
Stuart Clark,https://espncricinfo.com/cricketers/stuart-clark-4582
Gary Brent,https://espncricinfo.com/cricketers/gary-brent-55269
Tawanda Mupariwa,https://espncricinfo.com/cricketers/tawanda-mupariwa-55652
Chamu Chibhabha,https://espncricinfo.com/cricketers/chamu-chibhabha-55354
Tatenda Taibu,https://espncricinfo.com/cricketers/tatenda-taibu-55805
Brendan Taylorʠ,https://espncricinfo.com/cricketers/brendan-taylor-55814
Keith Dabengwa,https://espncricinfo.com/cricketers/keith-dabengwa-55388
Syed Rasel,https://espncricinfo.com/cricketers/syed-rasel-56160
Nazimuddin,https://espncricinfo.com/cricketers/nazimuddin-56059
Alok Kapali,https://espncricinfo.com/cricketers/alok-kapali-56251
Darren Maddy,https://espncricinfo.com/cricketers/darren-maddy-16876
Matt Priorʠ,https://espncricinfo.com/cricketers/matt-prior-18675
Andrew Flintoff,https://espncricinfo.com/cricketers/andrew-flintoff-12856
Chris Schofield,https://espncricinfo.com/cricketers/chris-schofield-20073
Upul Tharanga,https://espncricinfo.com/cricketers/upul-tharanga-50747
Gayan Wijekoon,https://espncricinfo.com/cricketers/gayan-wijekoon-50345
Dilhara Fernando,https://espncricinfo.com/cricketers/dilhara-fernando-48835
Lameck Onyango,https://espncricinfo.com/cricketers/lameck-onyango-24711
Steve Tikolo,https://espncricinfo.com/cricketers/steve-tikolo-24728
Chaminda Vaas,https://espncricinfo.com/cricketers/chaminda-vaas-50804
James Kirtley,https://espncricinfo.com/cricketers/james-kirtley-15901
Robin Uthappa,https://espncricinfo.com/cricketers/robin-uthappa-35582
Ajit Agarkar,https://espncricinfo.com/cricketers/ajit-agarkar-26184
Sreesanth,https://espncricinfo.com/cricketers/sreesanth-34274
Craig McMillan,https://espncricinfo.com/cricketers/craig-mcmillan-37712
Jeetan Patel,https://espncricinfo.com/cricketers/jeetan-patel-38141
Jeremy Snape,https://espncricinfo.com/cricketers/jeremy-snape-20278
Vikram Solankiʠ,https://espncricinfo.com/cricketers/vikram-solanki-20286
Farveez Maharoof,https://espncricinfo.com/cricketers/farveez-maharoof-49638
Nadif Chowdhury,https://espncricinfo.com/cricketers/nadif-chowdhury-56053
Andre Nel,https://espncricinfo.com/cricketers/andre-nel-46569
Chris Tremlett,https://espncricinfo.com/cricketers/chris-tremlett-21650
Joginder Sharma,https://espncricinfo.com/cricketers/joginder-sharma-29976
Adam Gilchrist (c)†,https://espncricinfo.com/cricketers/adam-gilchrist-5390
